{
  "Object": "PricebookEntry",
  "Fields": {
    "GearsetDisplayName": "Standard Price Book - Mini DisplayPort to DVI Adapter",
    "GearsetExternalId__c": "0AQXPzA000000Ldu10",
    "IsActive": "true",
    "UnitPrice": "30.0",
    "UseStandardPrice": "false"
  },
  "References": [
    {
      "Name": "Pricebook2",
      "ReferencedObject": "Pricebook2",
      "ReferencedFields": {
        "GearsetExternalId__c": "StandardPriceBook"
      }
    },
    {
      "Name": "Product2",
      "ReferencedObject": "Product2",
      "ReferencedFields": {
        "GearsetExternalId__c": "QAQE0wc000000Ldt10"
      }
    }
  ]
}