{
  "Object": "PricebookEntry",
  "Fields": {
    "GearsetDisplayName": "Standard Price Book - Smart UK Power Outlet",
    "GearsetExternalId__c": "KAQlQzA000000Ldu10",
    "IsActive": "true",
    "UnitPrice": "20.0",
    "UseStandardPrice": "false"
  },
  "References": [
    {
      "Name": "Pricebook2",
      "ReferencedObject": "Pricebook2",
      "ReferencedFields": {
        "GearsetExternalId__c": "StandardPriceBook"
      }
    },
    {
      "Name": "Product2",
      "ReferencedObject": "Product2",
      "ReferencedFields": {
        "GearsetExternalId__c": "QAQZ1wc000000Ldt10"
      }
    }
  ]
}