{
  "Object": "PricebookEntry",
  "Fields": {
    "GearsetDisplayName": "Standard Price Book - Copy Machine",
    "GearsetExternalId__c": "KAQ5PzA000000Ldu10",
    "IsActive": "true",
    "UnitPrice": "2000.0",
    "UseStandardPrice": "false"
  },
  "References": [
    {
      "Name": "Pricebook2",
      "ReferencedObject": "Pricebook2",
      "ReferencedFields": {
        "GearsetExternalId__c": "StandardPriceBook"
      }
    },
    {
      "Name": "Product2",
      "ReferencedObject": "Product2",
      "ReferencedFields": {
        "GearsetExternalId__c": "QAQZ0wc000000Ldt10"
      }
    }
  ]
}