{
  "Object": "PricebookEntry",
  "Fields": {
    "GearsetDisplayName": "Standard Price Book - CPU 2.5GHz i7",
    "GearsetExternalId__c": "KAQePzA000000Ldu10",
    "IsActive": "true",
    "UnitPrice": "225.0",
    "UseStandardPrice": "false"
  },
  "References": [
    {
      "Name": "Pricebook2",
      "ReferencedObject": "Pricebook2",
      "ReferencedFields": {
        "GearsetExternalId__c": "StandardPriceBook"
      }
    },
    {
      "Name": "Product2",
      "ReferencedObject": "Product2",
      "ReferencedFields": {
        "GearsetExternalId__c": "QAQG0wc000000Ldt10"
      }
    }
  ]
}