{
  "Object": "SBQQ__ProductOption__c",
  "Fields": {
    "GearsetDisplayName": "13\" Laptop - CPU 1.6GHz i5",
    "GearsetExternalId__c": "EAQciI9000000Ldi0a",
    "SBQQ__AppliedImmediatelyContext__c": "",
    "SBQQ__AppliedImmediately__c": "false",
    "SBQQ__Bundled__c": "true",
    "SBQQ__ComponentCodePosition__c": "",
    "SBQQ__ComponentCode__c": "",
    "SBQQ__ComponentDescriptionPosition__c": "",
    "SBQQ__ComponentDescription__c": "",
    "SBQQ__DefaultPricingTable__c": "",
    "SBQQ__DiscountAmount__c": "",
    "SBQQ__DiscountedByPackage__c": "false",
    "SBQQ__Discount__c": "",
    "SBQQ__ExistingQuantity__c": "",
    "SBQQ__MaxQuantity__c": "",
    "SBQQ__MinQuantity__c": "",
    "SBQQ__Number__c": "10.0",
    "SBQQ__QuantityEditable__c": "false",
    "SBQQ__Quantity__c": "1.0",
    "SBQQ__QuoteLineVisibility__c": "",
    "SBQQ__Required__c": "false",
    "SBQQ__Selected__c": "true",
    "SBQQ__SubscriptionScope__c": "",
    "SBQQ__System__c": "false",
    "SBQQ__Type__c": "Component",
    "SBQQ__UnitPrice__c": "",
    "SBQQ__UpliftedByPackage__c": "false"
  },
  "References": [
    {
      "Name": "SBQQ__ConfiguredSKU__r",
      "ReferencedObject": "Product2",
      "ReferencedFields": {
        "GearsetExternalId__c": "AAQnzvc000000Ldt10"
      }
    },
    {
      "Name": "SBQQ__DiscountSchedule__r",
      "ReferencedObject": "SBQQ__DiscountSchedule__c",
      "ReferencedFields": {
        "GearsetExternalId__c": ""
      }
    },
    {
      "Name": "SBQQ__Feature__r",
      "ReferencedObject": "SBQQ__ProductFeature__c",
      "ReferencedFields": {
        "GearsetExternalId__c": "YAQELni000000Ldh0a"
      }
    },
    {
      "Name": "SBQQ__OptionalSKU__r",
      "ReferencedObject": "Product2",
      "ReferencedFields": {
        "GearsetExternalId__c": "AAQozvc000000Ldt10"
      }
    },
    {
      "Name": "SBQQ__RenewalProductOption__r",
      "ReferencedObject": "SBQQ__ProductOption__c",
      "ReferencedFields": {
        "GearsetExternalId__c": ""
      }
    }
  ]
}