{
  "Object": "SBQQ__CustomAction__c",
  "Fields": {
    "GearsetDisplayName": "Apply Edit Rules",
    "GearsetExternalId__c": "ActionApplyEditRul",
    "Name": "Apply Edit Rules",
    "SBQQ__Action__c": "Apply Edit Rules",
    "SBQQ__Active__c": "true",
    "SBQQ__BrandButton__c": "false",
    "SBQQ__Class__c": "",
    "SBQQ__ConditionsMet__c": "All",
    "SBQQ__Default__c": "false",
    "SBQQ__Description__c": "",
    "SBQQ__DisplayOrder__c": "901.0",
    "SBQQ__EventHandlerName__c": "",
    "SBQQ__IconClass__c": "",
    "SBQQ__Icon__c": "",
    "SBQQ__Label__c": "Apply Rules",
    "SBQQ__Location__c": "Configurator",
    "SBQQ__PageHandlerName__c": "",
    "SBQQ__Page__c": "Product Configurator",
    "SBQQ__ReturnURL__c": "",
    "SBQQ__TargetObject__c": "",
    "SBQQ__Type__c": "Button",
    "SBQQ__URLTarget__c": "",
    "SBQQ__URL__c": ""
  },
  "References": [
    {
      "Name": "SBQQ__ParentCustomAction__r",
      "ReferencedObject": "SBQQ__CustomAction__c",
      "ReferencedFields": {
        "GearsetExternalId__c": ""
      }
    }
  ]
}