{
  "Object": "SBQQ__CustomAction__c",
  "Fields": {
    "GearsetDisplayName": "Optional: All - Quote",
    "GearsetExternalId__c": "ActionOptAllQuote",
    "Name": "Optional: All - Quote",
    "SBQQ__Action__c": "Optional: All",
    "SBQQ__Active__c": "true",
    "SBQQ__BrandButton__c": "false",
    "SBQQ__Class__c": "optionalAllBtn",
    "SBQQ__ConditionsMet__c": "All",
    "SBQQ__Default__c": "false",
    "SBQQ__Description__c": "",
    "SBQQ__DisplayOrder__c": "909.0",
    "SBQQ__EventHandlerName__c": "updateLineOptional",
    "SBQQ__IconClass__c": "sb-icon-circle-empty",
    "SBQQ__Icon__c": "circle-empty",
    "SBQQ__Label__c": "Optional: All",
    "SBQQ__Location__c": "Quote",
    "SBQQ__PageHandlerName__c": "",
    "SBQQ__Page__c": "Quote Line Editor",
    "SBQQ__ReturnURL__c": "",
    "SBQQ__TargetObject__c": "",
    "SBQQ__Type__c": "Button",
    "SBQQ__URLTarget__c": "",
    "SBQQ__URL__c": ""
  },
  "References": [
    {
      "Name": "SBQQ__ParentCustomAction__r",
      "ReferencedObject": "SBQQ__CustomAction__c",
      "ReferencedFields": {
        "GearsetExternalId__c": ""
      }
    }
  ]
}