{
  "Object": "SBQQ__CustomAction__c",
  "Fields": {
    "GearsetDisplayName": "Upgrade Assets",
    "GearsetExternalId__c": "ActionUpgradeAsset",
    "Name": "Upgrade Assets",
    "SBQQ__Action__c": "Upgrade Assets",
    "SBQQ__Active__c": "true",
    "SBQQ__BrandButton__c": "false",
    "SBQQ__Class__c": "upgradeAssetsBtn",
    "SBQQ__ConditionsMet__c": "All",
    "SBQQ__Default__c": "false",
    "SBQQ__Description__c": "",
    "SBQQ__DisplayOrder__c": "902.0",
    "SBQQ__EventHandlerName__c": "onUpgradeAssets",
    "SBQQ__IconClass__c": "",
    "SBQQ__Icon__c": "",
    "SBQQ__Label__c": "Upgrade Assets",
    "SBQQ__Location__c": "Quote/Group",
    "SBQQ__PageHandlerName__c": "",
    "SBQQ__Page__c": "Quote Line Editor",
    "SBQQ__ReturnURL__c": "",
    "SBQQ__TargetObject__c": "",
    "SBQQ__Type__c": "Button",
    "SBQQ__URLTarget__c": "",
    "SBQQ__URL__c": ""
  },
  "References": [
    {
      "Name": "SBQQ__ParentCustomAction__r",
      "ReferencedObject": "SBQQ__CustomAction__c",
      "ReferencedFields": {
        "GearsetExternalId__c": "ActionAddProducts"
      }
    }
  ]
}