{
  "Object": "SBQQ__CustomAction__c",
  "Fields": {
    "GearsetDisplayName": "View Rate Card",
    "GearsetExternalId__c": "ActionViewRateCard",
    "Name": "View Rate Card",
    "SBQQ__Action__c": "View Rate Card",
    "SBQQ__Active__c": "true",
    "SBQQ__BrandButton__c": "false",
    "SBQQ__Class__c": "viewRateCardBtn",
    "SBQQ__ConditionsMet__c": "All",
    "SBQQ__Default__c": "false",
    "SBQQ__Description__c": "",
    "SBQQ__DisplayOrder__c": "998.0",
    "SBQQ__EventHandlerName__c": "onViewRateCard",
    "SBQQ__IconClass__c": "sf-icon-trending",
    "SBQQ__Icon__c": "trending",
    "SBQQ__Label__c": "View Rate Card",
    "SBQQ__Location__c": "Line",
    "SBQQ__PageHandlerName__c": "",
    "SBQQ__Page__c": "Quote Line Editor",
    "SBQQ__ReturnURL__c": "",
    "SBQQ__TargetObject__c": "",
    "SBQQ__Type__c": "Button",
    "SBQQ__URLTarget__c": "",
    "SBQQ__URL__c": ""
  },
  "References": [
    {
      "Name": "SBQQ__ParentCustomAction__r",
      "ReferencedObject": "SBQQ__CustomAction__c",
      "ReferencedFields": {
        "GearsetExternalId__c": ""
      }
    }
  ]
}