{
  "Object": "ConsumptionRate",
  "Fields": {
    "Description": "",
    "GearsetDisplayName": "Data - 1001 - 0.01",
    "GearsetExternalId__c": "UASMdV0000000LdoM0",
    "LowerBound": "1001",
    "Price": "0.01",
    "PricingMethod": "PerUnit",
    "ProcessingOrder": "2",
    "UpperBound": ""
  },
  "References": [
    {
      "Name": "ConsumptionSchedule",
      "ReferencedObject": "ConsumptionSchedule",
      "ReferencedFields": {
        "GearsetExternalId__c": "MASzJV0000000LdhM0"
      }
    }
  ]
}