{
  "Object": "ConsumptionRate",
  "Fields": {
    "Description": "",
    "GearsetDisplayName": "Data - 0 - 1001 - 0.0",
    "GearsetExternalId__c": "UASOdV0000000LdoM0",
    "LowerBound": "0",
    "Price": "0.0",
    "PricingMethod": "FlatFee",
    "ProcessingOrder": "1",
    "UpperBound": "1001"
  },
  "References": [
    {
      "Name": "ConsumptionSchedule",
      "ReferencedObject": "ConsumptionSchedule",
      "ReferencedFields": {
        "GearsetExternalId__c": "MASzJV0000000LdhM0"
      }
    }
  ]
}