{
  "Object": "ConsumptionRate",
  "Fields": {
    "Description": "",
    "GearsetDisplayName": "Text - 101 - 0.1",
    "GearsetExternalId__c": "UASNdV0000000LdoM0",
    "LowerBound": "101",
    "Price": "0.1",
    "PricingMethod": "PerUnit",
    "ProcessingOrder": "2",
    "UpperBound": ""
  },
  "References": [
    {
      "Name": "ConsumptionSchedule",
      "ReferencedObject": "ConsumptionSchedule",
      "ReferencedFields": {
        "GearsetExternalId__c": "MASyJV0000000LdhM0"
      }
    }
  ]
}