{
  "Object": "ConsumptionRate",
  "Fields": {
    "Description": "",
    "GearsetDisplayName": "Text - 0 - 101 - 0.0",
    "GearsetExternalId__c": "UASLdV0000000LdoM0",
    "LowerBound": "0",
    "Price": "0.0",
    "PricingMethod": "FlatFee",
    "ProcessingOrder": "1",
    "UpperBound": "101"
  },
  "References": [
    {
      "Name": "ConsumptionSchedule",
      "ReferencedObject": "ConsumptionSchedule",
      "ReferencedFields": {
        "GearsetExternalId__c": "MASyJV0000000LdhM0"
      }
    }
  ]
}