{
  "Object": "SBQQ__ProductFeature__c",
  "Fields": {
    "External_ID__c": "",
    "GearsetDisplayName": "Desktop Computer - Input Devices",
    "GearsetExternalId__c": "YAQKLni000000Ldh0a",
    "Name": "Input Devices",
    "SBQQ__Category__c": "",
    "SBQQ__ConfigurationFieldSet__c": "",
    "SBQQ__DynamicProductFilterFieldSet__c": "",
    "SBQQ__DynamicProductLookupFieldSet__c": "",
    "SBQQ__MaxOptionCount__c": "",
    "SBQQ__MinOptionCount__c": "0.0",
    "SBQQ__Number__c": "40.0",
    "SBQQ__OptionSelectionMethod__c": ""
  },
  "References": [
    {
      "Name": "SBQQ__ConfiguredSKU__r",
      "ReferencedObject": "Product2",
      "ReferencedFields": {
        "GearsetExternalId__c": "AAQ41wc000000Ldt10"
      }
    },
    {
      "Name": "SBQQ__DiscountSchedule__r",
      "ReferencedObject": "SBQQ__DiscountSchedule__c",
      "ReferencedFields": {
        "GearsetExternalId__c": ""
      }
    }
  ]
}