{
  "Object": "SBQQ__ProductFeature__c",
  "Fields": {
    "External_ID__c": "",
    "GearsetDisplayName": "Home Automation Hub - Services",
    "GearsetExternalId__c": "YAQWLni000000Ldh0a",
    "Name": "Services",
    "SBQQ__Category__c": "",
    "SBQQ__ConfigurationFieldSet__c": "",
    "SBQQ__DynamicProductFilterFieldSet__c": "",
    "SBQQ__DynamicProductLookupFieldSet__c": "",
    "SBQQ__MaxOptionCount__c": "",
    "SBQQ__MinOptionCount__c": "0.0",
    "SBQQ__Number__c": "30.0",
    "SBQQ__OptionSelectionMethod__c": ""
  },
  "References": [
    {
      "Name": "SBQQ__ConfiguredSKU__r",
      "ReferencedObject": "Product2",
      "ReferencedFields": {
        "GearsetExternalId__c": "QAQH1wc000000Ldt10"
      }
    },
    {
      "Name": "SBQQ__DiscountSchedule__r",
      "ReferencedObject": "SBQQ__DiscountSchedule__c",
      "ReferencedFields": {
        "GearsetExternalId__c": ""
      }
    }
  ]
}