{
  "Object": "SBQQ__LineColumn__c",
  "Fields": {
    "GearsetDisplayName": "EXTENDED - SBQQ__NetTotal__c",
    "GearsetExternalId__c": "UAUYsP8000000LdR0a",
    "Name": "EXTENDED",
    "SBQQ__Alignment__c": "Right",
    "SBQQ__BottomMargin__c": "3.0",
    "SBQQ__ColumnHeadingField__c": "",
    "SBQQ__ConditionalPrintField__c": "",
    "SBQQ__DisplayOrder__c": "60.0",
    "SBQQ__DynamicNumberScale__c": "false",
    "SBQQ__FieldName__c": "SBQQ__NetTotal__c",
    "SBQQ__FontFamily__c": "",
    "SBQQ__FontSize__c": "",
    "SBQQ__FontWeight__c": "Normal",
    "SBQQ__HeadingTextColor__c": "",
    "SBQQ__HideOnComponents__c": "false",
    "SBQQ__LeftMargin__c": "3.0",
    "SBQQ__RightMargin__c": "3.0",
    "SBQQ__RollUp__c": "false",
    "SBQQ__SeparateLine__c": "false",
    "SBQQ__SubGroupSummaryLabel__c": "",
    "SBQQ__SummaryFontWeight__c": "",
    "SBQQ__SummaryFunction__c": "",
    "SBQQ__SummaryLabel__c": "",
    "SBQQ__SummaryLevel__c": "All",
    "SBQQ__SummaryShadingColor__c": "",
    "SBQQ__SummaryTextColor__c": "",
    "SBQQ__TextColor__c": "",
    "SBQQ__TopMargin__c": "3.0",
    "SBQQ__WidthDiscardedWhenHidden__c": "false",
    "SBQQ__Width__c": "15.0"
  },
  "References": [
    {
      "Name": "SBQQ__Section__r",
      "ReferencedObject": "SBQQ__TemplateSection__c",
      "ReferencedFields": {
        "GearsetExternalId__c": ""
      }
    },
    {
      "Name": "SBQQ__Template__r",
      "ReferencedObject": "SBQQ__QuoteTemplate__c",
      "ReferencedFields": {
        "GearsetExternalId__c": "AAQj6a0000000Ldo0a"
      }
    }
  ]
}