{
  "Object": "SBQQ__LineColumn__c",
  "Fields": {
    "GearsetDisplayName": "PRODUCT - SBQQ__ProductName__c",
    "GearsetExternalId__c": "UAUUsP8000000LdR0a",
    "Name": "PRODUCT",
    "SBQQ__Alignment__c": "Left",
    "SBQQ__BottomMargin__c": "3.0",
    "SBQQ__ColumnHeadingField__c": "",
    "SBQQ__ConditionalPrintField__c": "",
    "SBQQ__DisplayOrder__c": "20.0",
    "SBQQ__DynamicNumberScale__c": "false",
    "SBQQ__FieldName__c": "SBQQ__ProductName__c",
    "SBQQ__FontFamily__c": "",
    "SBQQ__FontSize__c": "",
    "SBQQ__FontWeight__c": "Normal",
    "SBQQ__HeadingTextColor__c": "",
    "SBQQ__HideOnComponents__c": "false",
    "SBQQ__LeftMargin__c": "3.0",
    "SBQQ__RightMargin__c": "3.0",
    "SBQQ__RollUp__c": "false",
    "SBQQ__SeparateLine__c": "false",
    "SBQQ__SubGroupSummaryLabel__c": "",
    "SBQQ__SummaryFontWeight__c": "",
    "SBQQ__SummaryFunction__c": "",
    "SBQQ__SummaryLabel__c": "",
    "SBQQ__SummaryLevel__c": "All",
    "SBQQ__SummaryShadingColor__c": "",
    "SBQQ__SummaryTextColor__c": "",
    "SBQQ__TextColor__c": "",
    "SBQQ__TopMargin__c": "3.0",
    "SBQQ__WidthDiscardedWhenHidden__c": "false",
    "SBQQ__Width__c": "20.0"
  },
  "References": [
    {
      "Name": "SBQQ__Section__r",
      "ReferencedObject": "SBQQ__TemplateSection__c",
      "ReferencedFields": {
        "GearsetExternalId__c": ""
      }
    },
    {
      "Name": "SBQQ__Template__r",
      "ReferencedObject": "SBQQ__QuoteTemplate__c",
      "ReferencedFields": {
        "GearsetExternalId__c": "AAQj6a0000000Ldo0a"
      }
    }
  ]
}